Ref,Val,Package,PosX,PosY,Rot,Side
"AE1","PN532 ANT","NFC_45x45_N4_NXP_PN5180",128.200000,-100.500000,-90.000000,bottom
"J2","Value: DISP_3.5_WAVESHARE","Amphenol_F32Q-1A7x1-11015_1x15-1MP_P0.5mm_Horizontal",198.000000,-71.975000,0.000000,bottom
"P1","JST-2pin","JST_PH_S2B-PH-SM4-TB_1x02-1MP_P2.00mm_Horizontal",231.492824,-179.010731,-90.000000,bottom
"C1","100nf","C_0603_1608Metric_Pad1.08x0.95mm_HandSolder",188.457176,-100.275000,0.000000,top
"C2","100nf","C_0603_1608Metric_Pad1.08x0.95mm_HandSolder",188.457176,-103.275000,0.000000,top
"C3","0.1uf","C_0603_1608Metric_Pad1.08x0.95mm_HandSolder",188.457176,-106.275000,0.000000,top
"C4","10uf","C_0603_1608Metric_Pad1.08x0.95mm_HandSolder",188.457176,-109.275000,0.000000,top
"C5","1uf","C_0603_1608Metric_Pad1.08x0.95mm_HandSolder",188.457176,-112.275000,0.000000,top
"C6","100nf","C_0603_1608Metric_Pad1.08x0.95mm_HandSolder",188.457176,-115.275000,0.000000,top
"C7","100nf","C_0603_1608Metric_Pad1.08x0.95mm_HandSolder",183.607176,-100.275000,0.000000,top
"C8","100nf","C_0603_1608Metric_Pad1.08x0.95mm_HandSolder",183.607176,-103.275000,0.000000,top
"C9","1uf","C_0603_1608Metric_Pad1.08x0.95mm_HandSolder",183.607176,-106.275000,0.000000,top
"C10","18pf","C_0603_1608Metric_Pad1.08x0.95mm_HandSolder",183.607176,-109.275000,0.000000,top
"C11","18pf","C_0603_1608Metric_Pad1.08x0.95mm_HandSolder",183.607176,-112.275000,0.000000,top
"C12","1.8pF","C_0603_1608Metric_Pad1.08x0.95mm_HandSolder",183.607176,-115.275000,0.000000,top
"C13","1.2pF","C_0603_1608Metric_Pad1.08x0.95mm_HandSolder",183.607176,-118.275000,0.000000,top
"C14","1.0pF","C_0603_1608Metric_Pad1.08x0.95mm_HandSolder",188.457176,-118.275000,0.000000,top
"C15","1.5pf","C_0603_1608Metric_Pad1.08x0.95mm_HandSolder",183.607176,-96.800000,0.000000,top
"C16","0.1uf","C_0603_1608Metric_Pad1.08x0.95mm_HandSolder",188.232176,-121.275000,0.000000,top
"C17","100nf","C_0603_1608Metric_Pad1.08x0.95mm_HandSolder",216.017176,-119.720000,-90.000000,top
"C18","100nf","C_0603_1608Metric_Pad1.08x0.95mm_HandSolder",228.310000,-83.737500,-90.000000,top
"C19","18pf","C_0603_1608Metric_Pad1.08x0.95mm_HandSolder",234.810000,-84.025000,-90.000000,top
"C20","18pf","C_0603_1608Metric_Pad1.08x0.95mm_HandSolder",238.000000,-90.387500,-90.000000,top
"C21","18pf","C_0603_1608Metric_Pad1.08x0.95mm_HandSolder",231.810000,-84.250000,-90.000000,top
"C22","18pf","C_0603_1608Metric_Pad1.08x0.95mm_HandSolder",219.810000,-83.250000,0.000000,top
"C23","18pf","C_0603_1608Metric_Pad1.08x0.95mm_HandSolder",230.447500,-81.250000,0.000000,top
"C24","18pf","C_0603_1608Metric_Pad1.08x0.95mm_HandSolder",223.447500,-83.250000,0.000000,top
"C25","1.0pF","C_0603_1608Metric_Pad1.08x0.95mm_HandSolder",216.172500,-86.750000,0.000000,top
"C26","1.5pf","C_0603_1608Metric_Pad1.08x0.95mm_HandSolder",223.142500,-80.750000,0.000000,top
"C27","1.5pF","C_0603_1608Metric_Pad1.08x0.95mm_HandSolder",226.310000,-82.887500,-90.000000,top
"C28","18pf","C_0603_1608Metric_Pad1.08x0.95mm_HandSolder",234.172500,-81.250000,0.000000,top
"C67","100nf","C_0603_1608Metric_Pad1.08x0.95mm_HandSolder",166.075000,-88.270000,0.000000,top
"C68","100nf","C_0603_1608Metric_Pad1.08x0.95mm_HandSolder",175.487500,-100.650000,180.000000,top
"C69","100nf","C_0603_1608Metric_Pad1.08x0.95mm_HandSolder",154.337500,-97.132500,90.000000,top
"C70","100nf","C_0603_1608Metric_Pad1.08x0.95mm_HandSolder",157.775000,-106.390000,180.000000,top
"C71","100nf","C_0603_1608Metric_Pad1.08x0.95mm_HandSolder",175.487500,-95.140000,180.000000,top
"C72","1uf","C_0603_1608Metric_Pad1.08x0.95mm_HandSolder",175.487500,-97.650000,0.000000,top
"C73","22 pf","C_0603_1608Metric_Pad1.08x0.95mm_HandSolder",169.137500,-106.870000,-90.000000,top
"C74","22pf","C_0603_1608Metric_Pad1.08x0.95mm_HandSolder",172.337500,-106.870000,-90.000000,top
"C75","100nf","C_0603_1608Metric_Pad1.08x0.95mm_HandSolder",166.075000,-84.670000,0.000000,top
"C76","220pf","C_0603_1608Metric_Pad1.08x0.95mm_HandSolder",173.475000,-88.270000,0.000000,top
"C77","220pf","C_0603_1608Metric_Pad1.08x0.95mm_HandSolder",178.212500,-96.150000,90.000000,top
"C78","22pf","C_0603_1608Metric_Pad1.08x0.95mm_HandSolder",177.200000,-84.670000,0.000000,top
"C79","220pf","C_0603_1608Metric_Pad1.08x0.95mm_HandSolder",178.350000,-100.012500,-90.000000,top
"C80","22pf","C_0603_1608Metric_Pad1.08x0.95mm_HandSolder",177.000000,-88.270000,0.000000,top
"C81","220pf","C_0603_1608Metric_Pad1.08x0.95mm_HandSolder",173.600000,-84.670000,0.000000,top
"C82","1nf","C_0603_1608Metric_Pad1.08x0.95mm_HandSolder",165.937500,-106.870000,90.000000,top
"C83","100pf","C_0603_1608Metric_Pad1.08x0.95mm_HandSolder",163.137500,-106.870000,-90.000000,top
"C84","100nf","C_0603_1608Metric_Pad1.08x0.95mm_HandSolder",237.000000,-107.137500,90.000000,top
"C85","1uf","C_0603_1608Metric_Pad1.08x0.95mm_HandSolder",236.000000,-122.637500,90.000000,top
"C86","100nf","C_0603_1608Metric_Pad1.08x0.95mm_HandSolder",233.112500,-125.000000,180.000000,top
"C87","100nf","C_0603_1608Metric_Pad1.08x0.95mm_HandSolder",207.500000,-130.250000,90.000000,top
"C88","100uf","C_0603_1608Metric_Pad1.08x0.95mm_HandSolder",227.500000,-122.750000,90.000000,top
"C89","47pf","C_0603_1608Metric_Pad1.08x0.95mm_HandSolder",235.500000,-98.250000,90.000000,top
"C90","10nf","C_0603_1608Metric_Pad1.08x0.95mm_HandSolder",230.250000,-122.637500,90.000000,top
"C91","1nf","C_0603_1608Metric_Pad1.08x0.95mm_HandSolder",232.612500,-101.500000,0.000000,top
"C92","22pf","C_0603_1608Metric_Pad1.08x0.95mm_HandSolder",231.137500,-129.500000,0.000000,top
"C93","10nf","C_0603_1608Metric_Pad1.08x0.95mm_HandSolder",241.500000,-122.637500,90.000000,top
"C94","100nf","C_0603_1608Metric_Pad1.08x0.95mm_HandSolder",240.112500,-106.250000,0.000000,top
"C95","10uf","C_0603_1608Metric_Pad1.08x0.95mm_HandSolder",236.750000,-126.500000,0.000000,top
"C96","100nf","C_0603_1608Metric_Pad1.08x0.95mm_HandSolder",237.000000,-110.887500,90.000000,top
"C97","100nf","C_0603_1608Metric_Pad1.08x0.95mm_HandSolder",237.000000,-117.387500,90.000000,top
"C98","100nf","C_0603_1608Metric_Pad1.08x0.95mm_HandSolder",238.500000,-98.362500,90.000000,top
"C99","100nf","C_0603_1608Metric_Pad1.08x0.95mm_HandSolder",238.750000,-122.637500,90.000000,top
"C100","100nf","C_0603_1608Metric_Pad1.08x0.95mm_HandSolder",225.500000,-98.612500,90.000000,top
"C101","0.1uf","C_0603_1608Metric_Pad1.08x0.95mm_HandSolder",216.397824,-202.737500,90.000000,top
"C102","10uf","C_0603_1608Metric_Pad1.08x0.95mm_HandSolder",220.200000,-202.662500,90.000000,top
"C103","10uf","C_0603_1608Metric_Pad1.08x0.95mm_HandSolder",225.397824,-202.628231,90.000000,top
"C104","10uf","C_0603_1608Metric_Pad1.08x0.95mm_HandSolder",229.897824,-202.628231,90.000000,top
"C105","100pf","C_0603_1608Metric_Pad1.08x0.95mm_HandSolder",236.362500,-101.500000,0.000000,top
"C106","10uf","C_0603_1608Metric_Pad1.08x0.95mm_HandSolder",199.117824,-90.760731,90.000000,top
"C107","100nf","C_0603_1608Metric_Pad1.08x0.95mm_HandSolder",202.117824,-90.760731,90.000000,top
"C108","1uf","C_0603_1608Metric_Pad1.08x0.95mm_HandSolder",169.800000,-139.587500,90.000000,top
"C109","100nf","C_0603_1608Metric_Pad1.08x0.95mm_HandSolder",174.560000,-139.587500,90.000000,top
"C110","470nf","C_0603_1608Metric_Pad1.08x0.95mm_HandSolder",164.790000,-143.450000,90.000000,top
"C111","10pf","C_0603_1608Metric_Pad1.08x0.95mm_HandSolder",169.790000,-143.450000,90.000000,top
"C112","10pf","C_0603_1608Metric_Pad1.08x0.95mm_HandSolder",174.550000,-143.450000,90.000000,top
"C113","100nf","C_0603_1608Metric_Pad1.08x0.95mm_HandSolder",164.800000,-151.587500,90.000000,top
"C114","6.8pf","C_0603_1608Metric_Pad1.08x0.95mm_HandSolder",161.800000,-139.587500,90.000000,top
"C115","8.2pf","C_0603_1608Metric_Pad1.08x0.95mm_HandSolder",164.800000,-139.587500,90.000000,top
"C116","1nf","C_0603_1608Metric_Pad1.08x0.95mm_HandSolder",164.800000,-118.812500,90.000000,top
"C117","5.6pf","C_0603_1608Metric_Pad1.08x0.95mm_HandSolder",164.800000,-147.450000,90.000000,top
"C118","10pf","C_0603_1608Metric_Pad1.08x0.95mm_HandSolder",169.800000,-147.450000,90.000000,top
"C119","22pf","C_0603_1608Metric_Pad1.08x0.95mm_HandSolder",174.550000,-147.312500,90.000000,top
"C120","10pf","C_0603_1608Metric_Pad1.08x0.95mm_HandSolder",169.800000,-151.462500,90.000000,top
"C121","100nf","C_0603_1608Metric_Pad1.08x0.95mm_HandSolder",174.550000,-151.462500,90.000000,top
"C122","1nf","C_0603_1608Metric_Pad1.08x0.95mm_HandSolder",164.800000,-124.587500,90.000000,top
"C123","10pf","C_0603_1608Metric_Pad1.08x0.95mm_HandSolder",161.550000,-124.587500,90.000000,top
"C124","5.6pf","C_0603_1608Metric_Pad1.08x0.95mm_HandSolder",158.300000,-124.587500,90.000000,top
"C125","8.2pf","C_0603_1608Metric_Pad1.08x0.95mm_HandSolder",170.437500,-113.950000,0.000000,top
"CC1101_ANT1","50ohm","U.FL_Hirose_U.FL-R-SMT-1_Vertical",217.325000,-73.200000,-90.000000,top
"C_EN1","1uF","C_0603_1608Metric_Pad1.08x0.95mm_HandSolder",192.270000,-94.000000,0.000000,top
"D1","TPESD5V0L2","D_SOD-323_HandSoldering",188.020000,-96.775000,0.000000,top
"D2","LED","LED_0603_1608Metric_Pad1.05x0.95mm_HandSolder",234.017824,-198.420731,0.000000,top
"D3","LED","LED_0603_1608Metric_Pad1.05x0.95mm_HandSolder",234.017824,-201.010731,0.000000,top
"D4","MBR1020VL","D_SOD-123F",230.042824,-194.510731,0.000000,top
"FB1","BLM21PG221SN1D","L_0603_1608Metric_Pad1.05x0.95mm_HandSolder",232.500000,-98.137500,-90.000000,top
"FB2","BLM21PG221SN1D","L_0603_1608Metric_Pad1.05x0.95mm_HandSolder",229.767824,-198.510731,0.000000,top
"FL1","SAFFB1G58KA0F0A","Filter_1109-5_1.1x0.9mm",236.865000,-129.500000,0.000000,top
"GPS_ANT1","50ohm","U.FL_Hirose_U.FL-R-SMT-1_Vertical",232.600000,-73.200000,-90.000000,top
"IR_LEDs1","940nm","LED_1206_3216Metric",182.500000,-140.000000,0.000000,top
"IR_LEDs2","940nm","LED_1206_3216Metric",189.350000,-140.000000,0.000000,top
"IR_LEDs3","940nm","LED_1206_3216Metric",196.100000,-140.000000,0.000000,top
"JP1","SolderJumper_2_Bridged","SolderJumper-2_P1.3mm_Bridged2Bar_Pad1.0x1.5mm",228.400000,-98.350000,0.000000,top
"L1","2nH 500mA","L_0603_1608Metric_Pad1.05x0.95mm_HandSolder",199.925000,-94.600000,0.000000,top
"L2","24nH","L_0603_1608Metric_Pad1.05x0.95mm_HandSolder",199.925000,-96.400000,0.000000,top
"L3","2.7nH","L_0603_1608Metric_Pad1.05x0.95mm_HandSolder",196.270000,-94.600000,0.000000,top
"L4","2.7nH","L_0603_1608Metric_Pad1.05x0.95mm_HandSolder",196.270000,-96.400000,180.000000,top
"L5","27nH","L_0603_1608Metric_Pad1.05x0.95mm_HandSolder",224.250000,-90.375000,-90.000000,top
"L6","27nH","L_0603_1608Metric_Pad1.05x0.95mm_HandSolder",221.250000,-90.375000,-90.000000,top
"L7","27nH","L_0603_1608Metric_Pad1.05x0.95mm_HandSolder",218.250000,-90.375000,-90.000000,top
"L8","27nH","L_0603_1608Metric_Pad1.05x0.95mm_HandSolder",221.810000,-86.250000,-90.000000,top
"L9","47nH","L_0603_1608Metric_Pad1.05x0.95mm_HandSolder",218.810000,-86.250000,-90.000000,top
"L10","47nH","L_0603_1608Metric_Pad1.05x0.95mm_HandSolder",215.250000,-90.375000,-90.000000,top
"L11","23nH","L_0603_1608Metric_Pad1.05x0.95mm_HandSolder",224.810000,-86.375000,-90.000000,top
"L25","220nH","L_0603_1608Metric_Pad1.05x0.95mm_HandSolder",169.700000,-84.670000,0.000000,top
"L26","220nH","L_0603_1608Metric_Pad1.05x0.95mm_HandSolder",170.012500,-88.270000,0.000000,top
"L27","5.6nH","L_0603_1608Metric_Pad1.05x0.95mm_HandSolder",228.625000,-101.250000,180.000000,top
"L28","18nH","L_0603_1608Metric_Pad1.05x0.95mm_HandSolder",170.810000,-125.325000,90.000000,top
"L29","15nH","L_0603_1608Metric_Pad1.05x0.95mm_HandSolder",173.800000,-125.325000,90.000000,top
"L30","15nH","L_0603_1608Metric_Pad1.05x0.95mm_HandSolder",176.810000,-125.325000,90.000000,top
"L31","22nH","L_0603_1608Metric_Pad1.05x0.95mm_HandSolder",170.800000,-119.075000,90.000000,top
"L32","27nH","L_0603_1608Metric_Pad1.05x0.95mm_HandSolder",173.800000,-119.075000,90.000000,top
"L33","18nH","L_0603_1608Metric_Pad1.05x0.95mm_HandSolder",176.800000,-119.200000,90.000000,top
"L34","22nH","L_0603_1608Metric_Pad1.05x0.95mm_HandSolder",167.800000,-118.825000,90.000000,top
"P2","USB_C_Plug_USB2.0","USB_C_Receptacle_GCT_USB4105-xx-A_16P_TopMnt_Horizontal",237.392824,-190.510731,90.000000,top
"PCB_ANT1","50ohm","U.FL_Hirose_U.FL-R-SMT-1_Vertical",178.275000,-73.600000,-90.000000,top
"Q1","MMBT2222A","SOT-23",210.737500,-130.090000,0.000000,top
"Q2","FS8205A","SOP65P640X120-8N",214.642824,-186.260731,90.000000,top
"R1","0R","R_0402_1005Metric",209.967176,-96.580000,0.000000,top
"R2","0R","R_0402_1005Metric",209.967176,-99.100000,0.000000,top
"R3","0R","R_0402_1005Metric",209.967176,-101.600000,0.000000,top
"R4","0R","R_0402_1005Metric",209.890000,-103.834269,0.000000,top
"R5","0R","R_0402_1005Metric",211.514676,-109.326769,0.000000,top
"R6","499R","R_0402_1005Metric",211.494676,-110.592500,0.000000,top
"R7","10K","R_0402_1005Metric",235.500000,-90.760000,-90.000000,top
"R18","10k","R_0402_1005Metric",161.647500,-83.870000,0.000000,top
"R19","10k","R_0402_1005Metric",161.627500,-87.170000,0.000000,top
"R20","10R","R_0402_1005Metric",157.647500,-93.670000,0.000000,top
"R21","1k","R_0402_1005Metric",153.847500,-110.870000,0.000000,top
"R22","10R","R_0402_1005Metric",157.627500,-98.870000,0.000000,top
"R23","10k","R_0402_1005Metric",232.510000,-121.250000,0.000000,top
"R24","10K","R_0402_1005Metric",227.490000,-129.500000,0.000000,top
"R25","10R","R_0402_1005Metric",225.760000,-101.750000,0.000000,top
"R26","10K","R_0402_1005Metric",240.510000,-115.250000,0.000000,top
"R27","10K","R_0402_1005Metric",238.250000,-114.240000,90.000000,top
"R28","10k","R_0402_1005Metric",236.250000,-114.265000,90.000000,top
"R29","33R","R_0402_1005Metric",200.270000,-129.500000,0.000000,top
"R30","33R","R_0402_1005Metric",203.510000,-129.500000,0.000000,top
"R31","100R","R_0402_1005Metric",200.250000,-131.750000,0.000000,top
"R32","33R","R_0402_1005Metric",203.490000,-131.750000,0.000000,top
"R33","1.2K","R_0402_1005Metric",221.317824,-194.865731,90.000000,top
"R34","10K","R_0402_1005Metric",225.317824,-194.845731,90.000000,top
"R35","1K","R_0402_1005Metric",217.142824,-197.510731,90.000000,top
"R36","1K","R_0402_1005Metric",221.142824,-197.520731,90.000000,top
"R37","10R","R_0402_1005Metric",211.457824,-140.010731,90.000000,top
"R38","10R","R_0402_1005Metric",192.642824,-166.020731,90.000000,top
"R39","100K","R_0402_1005Metric",225.142824,-197.510731,90.000000,top
"R40","5.1K","R_0402_1005Metric",217.317824,-194.855731,90.000000,top
"R41","10R","R_0402_1005Metric",192.392824,-155.250731,90.000000,top
"R42","10R","R_0402_1005Metric",192.392824,-176.750731,90.000000,top
"R43","10R","R_0402_1005Metric",205.392824,-166.000731,90.000000,top
"R44","10R","R_0402_1005Metric",179.642824,-166.000731,90.000000,top
"R45","10k","R_0402_1005Metric",196.117824,-90.908231,90.000000,top
"R46","10k","R_0402_1005Metric",168.200000,-126.940000,90.000000,top
"R47","100R","R_0402_1005Metric",168.200000,-124.690000,90.000000,top
"R48","100R","R_0402_1005Metric",164.550000,-128.200000,0.000000,top
"R_38","10k","R_0402_1005Metric",157.647500,-85.670000,0.000000,top
"R_BOOT1","10k","R_0402_1005Metric",212.217176,-99.100000,0.000000,top
"R_EN1","10k","R_0402_1005Metric",212.197176,-96.580000,0.000000,top
"R_G45","10k","R_0402_1005Metric",212.217176,-101.600000,0.000000,top
"R_G46","10k","R_0402_1005Metric",212.290000,-103.800000,0.000000,top
"R_I0","0R","R_0402_1005Metric",156.847500,-110.890000,0.000000,top
"R_I1","0R","R_0402_1005Metric",160.127500,-110.890000,180.000000,top
"SW1","boot","SW_SPST_B3U-1000P",194.070000,-119.609269,0.000000,top
"SW2","REST","SW_SPST_B3U-1000P",202.470000,-119.859269,0.000000,top
"SW3","BTN_POWER","SW_PTS645SH43SMTR92LFS",217.217824,-139.760731,0.000000,top
"SW4","BTN_OK","SW_PTS645SH43SMTR92LFS",198.392824,-166.010731,0.000000,top
"SW5","BTN_UP","SW_PTS645SH43SMTR92LFS",198.392824,-155.010731,0.000000,top
"SW6","BTN_DOWN","SW_PTS645SH43SMTR92LFS",198.367824,-176.760731,0.000000,top
"SW7","BTN_LEFT","SW_PTS645SH43SMTR92LFS",211.217824,-166.010731,0.000000,top
"SW8","BTN_RIGHT","SW_PTS645SH43SMTR92LFS",185.417824,-166.010731,0.000000,top
"SX1262","50ohm","U.FL_Hirose_U.FL-R-SMT-1_Vertical",164.325000,-73.600000,-90.000000,top
"TP1","TP_VDD33","TestPoint_Pad_D1.0mm",168.392824,-192.010731,0.000000,top
"TP2","TP_BAT","TestPoint_Pad_D1.0mm",168.392824,-196.760731,0.000000,top
"TP3","TP_5V","TestPoint_Pad_D1.0mm",168.392824,-201.260731,0.000000,top
"TP4","TP_GND","TestPoint_Pad_D1.0mm",175.142824,-192.010731,0.000000,top
"TP5","TP_BOOT","TestPoint_Pad_D1.0mm",175.142824,-196.760731,0.000000,top
"TP7","TP_IR_TX","TestPoint_Pad_D1.0mm",175.142824,-201.260731,0.000000,top
"TP8","TP_UART_TX","TestPoint_Pad_D1.0mm",181.892824,-192.010731,0.000000,top
"TP9","TP_UART_RX","TestPoint_Pad_D1.0mm",181.892824,-196.760731,0.000000,top
"TP10","TP_RESET","TestPoint_Pad_D1.0mm",181.892824,-201.260731,0.000000,top
"U1","ESP32-S3","QFN-56-1EP_7x7mm_P0.4mm_EP4x4mm",199.600000,-107.470000,180.000000,top
"U2","W25Q128JVS","SOIC-8_5.3x5.3mm_P1.27mm",210.100000,-120.104269,0.000000,top
"U3","CC1101","QLP20",230.720000,-89.750000,90.000000,top
"U7","PN5321A3HN","HVQFN-40-1EP_6x6mm_P0.5mm_EP4.1x4.1mm",167.137500,-97.400000,0.000000,top
"U8","MAX-M8Q","ublox_MAX",227.650000,-112.137500,90.000000,top
"U9","MASW-007221","SOT-363_SC-70-6",232.837500,-133.600000,180.000000,top
"U10","BGA725L6","BGA725L6E6327",234.400000,-129.550000,90.000000,top
"U11","TLV70018_SOT23-5","SOT-23-5",240.050000,-111.112500,90.000000,top
"U12","TXB0102DCU","VSSOP-8_2.3x2mm_P0.5mm",228.600000,-126.250000,180.000000,top
"U13","MCP23017x-x-SS","SSOP-28_5.3x10.2mm_P0.65mm",197.892824,-83.760731,90.000000,top
"U14","TSOP382xx","Vishay_MINICAST-3Pin",191.710000,-129.475000,0.000000,top
"U15","TP4056","SOIC-8-1EP_3.9x4.9mm_P1.27mm_EP2.41x3.3mm_ThermalVias",227.342824,-187.690731,0.000000,top
"U16","PESD5V0L4UG,115","SOT65P210X110-5N",219.922824,-190.410731,0.000000,top
"U17","AP2112K-3.3","SOT-23-5",212.755324,-197.810731,0.000000,top
"U18","DW01A","SOT-23-6",220.505324,-184.710731,0.000000,top
"U19","SX1262IMLTRT","QFN50P400X400X100-25N",173.500000,-132.450000,90.000000,top
"U20","PE4259","SOT65P215X110-6N",159.700000,-120.950000,90.000000,top
"Y1","40MHz SMD 3225","Crystal_SMD_2016-4Pin_2.0x1.6mm",198.220000,-120.159269,0.000000,top
"Y2","26 MHz SMD","Crystal_SMD_2016-4Pin_2.0x1.6mm",238.450000,-86.800000,-90.000000,top
"Y4","27.120 MHz","Crystal_SMD_2016-4Pin_2.0x1.6mm",177.200000,-103.200000,0.000000,top
"Y5","32 MHz SMD","Crystal_SMD_2016-4Pin_2.0x1.6mm",164.250000,-133.500000,90.000000,top
